Estado: AZ, Telefono:9287298000
Estado: AZ, Telefono:9287298000
Estado: AZ, Telefono:9287298000
Estado: AZ, Telefono:9287298000
Estado: AZ, Telefono:9282832501
Estado: AZ, Telefono:9282832501
Estado: AZ, Telefono:9282832501
Estado: AZ, Telefono:9282832501
Estado: AZ, Telefono:9284751200
Estado: AZ, Telefono:9284751200
Estado: AZ, Telefono:9284751200
Estado: AZ, Telefono:9284751200
Estado: AZ, Telefono:5205623321
Estado: AZ, Telefono:5205623321
Estado: AZ, Telefono:5205623321
Estado: AZ, Telefono:5205623321
Estado: AZ, Telefono:9287554541
Estado: AZ, Telefono:9287554541
Estado: AZ, Telefono:9287554541
Estado: AZ, Telefono:9287554541
Estado: AZ, Telefono:5204326401
Estado: AZ, Telefono:4807288000
Estado: AZ, Telefono:4803424201
Estado: AZ, Telefono:9286692137
Estado: AZ, Telefono:9288558185
Estado: AZ, Telefono:6235845100
Estado: AZ, Telefono:9286692137
Estado: AZ, Telefono:6235244000
Estado: AZ, Telefono:9286845421
Estado: AZ, Telefono:6235611000
Estado: AZ, Telefono:9287793366
Estado: AZ, Telefono:6023315862
Estado: AZ, Telefono:4803944030
Estado: AZ, Telefono:9288558185
Estado: AZ, Telefono:9287632273
Estado: AZ, Telefono:5203275461
Estado: AZ, Telefono:9283334368
Estado: AZ, Telefono:5203934710
Estado: AZ, Telefono:9284743222
Estado: AZ, Telefono:9286452424
Estado: AZ, Telefono:6029235000
Estado: AZ, Telefono:4808545050
Estado: AZ, Telefono:9284743222
Estado: AZ, Telefono:9287632273
Estado: AZ, Telefono:4803212000
Estado: AZ, Telefono:5204326401
Estado: AZ, Telefono:4808824004
Estado: AZ, Telefono:4805432000
Estado: AZ, Telefono:6028654470
Estado: AZ, Telefono:6022490212
Estado: AZ, Telefono:5208744189
Estado: AZ, Telefono:6028654470
Estado: AZ, Telefono:6022392000
Estado: AZ, Telefono:9287632273
Estado: AZ, Telefono:6027977700
Estado: AZ, Telefono:9286699201
Estado: AZ, Telefono:4803944030
Estado: AZ, Telefono:4803424201
Estado: AZ, Telefono:6238796100
Estado: AZ, Telefono:6029331000
Estado: AZ, Telefono:6029235000
Estado: AZ, Telefono:6022631200
Estado: AZ, Telefono:5203275461
Estado: AZ, Telefono:4808824004
Estado: AZ, Telefono:4807283000
Estado: AZ, Telefono:6238796100
Estado: AZ, Telefono:4808824004
Estado: AZ, Telefono:4803424201
Estado: AZ, Telefono:5208723000
Estado: AZ, Telefono:6029331000
Estado: AZ, Telefono:6029235000
Estado: AZ, Telefono:5208733000
Estado: AZ, Telefono:4807288000
Estado: AZ, Telefono:4803233000
Estado: AZ, Telefono:5208744189
Estado: AZ, Telefono:6022518156
Estado: AZ, Telefono:4808324770
Estado: AZ, Telefono:6238324000
Estado: AZ, Telefono:9286699201
Estado: AZ, Telefono:6238796100
Estado: AZ, Telefono:6023315862
Estado: AZ, Telefono:6238821515
Estado: AZ, Telefono:6233274000
Estado: AZ, Telefono:5208723000
Estado: AZ, Telefono:6022631200
Estado: AZ, Telefono:5205862261
Estado: AZ, Telefono:5204326401
Estado: AZ, Telefono:9287882273
Estado: AZ, Telefono:9287882273
Estado: AZ, Telefono:4803247001
Estado: AZ, Telefono:5205862261
Estado: AZ, Telefono:5203816300
Estado: AZ, Telefono:5204326401
Estado: AZ, Telefono:4808403715
Estado: AZ, Telefono:4808545050
Estado: AZ, Telefono:5208742000
Estado: AZ, Telefono:4803233000
Estado: AZ, Telefono:4803212000
Estado: AZ, Telefono:4808824004
Estado: AZ, Telefono:9287882273
Estado: AZ, Telefono:9286452424
Estado: AZ, Telefono:4803247001
Estado: AZ, Telefono:9283484000
Estado: AZ, Telefono:5208744189
Estado: AZ, Telefono:9286452424
Estado: AZ, Telefono:9284452700
Estado: AZ, Telefono:6024065001
Estado: AZ, Telefono:9285376399
Estado: AZ, Telefono:6235845100
Estado: AZ, Telefono:4808324770
Estado: AZ, Telefono:4807283000
Estado: AZ, Telefono:6238821515
Estado: AZ, Telefono:6238324000
Estado: AZ, Telefono:5202633001
Estado: AZ, Telefono:9288558185
Estado: AZ, Telefono:6022518156
Estado: AZ, Telefono:6022490212
Estado: AZ, Telefono:5202853000
Estado: AZ, Telefono:6235244000
Estado: AZ, Telefono:5205862261
Estado: AZ, Telefono:9287793366
Estado: AZ, Telefono:9283367600
Estado: AZ, Telefono:6029331000
Estado: AZ, Telefono:4807283000
Estado: AZ, Telefono:6235244000
Estado: AZ, Telefono:9283367600
Estado: AZ, Telefono:5208723000
Estado: AZ, Telefono:9284452700
Estado: AZ, Telefono:5209013549
Estado: AZ, Telefono:6023315862
Estado: AZ, Telefono:6235244000
Estado: AZ, Telefono:9284021122
Estado: AZ, Telefono:5203275461
Estado: AZ, Telefono:5202853000
Estado: AZ, Telefono:6022631200
Estado: AZ, Telefono:9284452700
Estado: AZ, Telefono:4807288000
Estado: AZ, Telefono:4803212000
Estado: AZ, Telefono:9284021122
Estado: AZ, Telefono:9283384911
Estado: AZ, Telefono:5203275461
Estado: AZ, Telefono:5203934710
Estado: AZ, Telefono:4803944030
Estado: AZ, Telefono:9287732357
Estado: AZ, Telefono:9287572101
Estado: AZ, Telefono:9286699201
Estado: AZ, Telefono:4804123000
Estado: AZ, Telefono:9282894691
Estado: AZ, Telefono:6024065001
Estado: AZ, Telefono:9287793366
Estado: AZ, Telefono:6024065001
Estado: AZ, Telefono:6233274000
Estado: AZ, Telefono:5203816300
Estado: AZ, Telefono:5208733000
Estado: AZ, Telefono:5209013549
Estado: AZ, Telefono:4803247001
Estado: AZ, Telefono:6027977700
Estado: AZ, Telefono:6022490212
Estado: AZ, Telefono:6023445011
Estado: AZ, Telefono:6028654470
Estado: AZ, Telefono:9287793366
Estado: AZ, Telefono:5208744189
Estado: AZ, Telefono:9283484000
Estado: AZ, Telefono:4808403715
Estado: AZ, Telefono:6233274000
Estado: AZ, Telefono:9285376399
Estado: AZ, Telefono:5208742000
Estado: AZ, Telefono:9286452424
Estado: AZ, Telefono:5208733000
Estado: AZ, Telefono:6023445011
Estado: AZ, Telefono:9285376399
Estado: AZ, Telefono:9286845421
Estado: AZ, Telefono:6238821515
Estado: AZ, Telefono:6022392000
Estado: AZ, Telefono:9286692137
Estado: AZ, Telefono:6238796100
Estado: AZ, Telefono:5203816300
Estado: AZ, Telefono:6238324000
Estado: AZ, Telefono:5204698100
Estado: AZ, Telefono:9287732357
Estado: AZ, Telefono:4803944030
Estado: AZ, Telefono:4808403715
Estado: AZ, Telefono:9284021122
Estado: AZ, Telefono:9283384911
Estado: AZ, Telefono:6029235000
Estado: AZ, Telefono:5202633001
Estado: AZ, Telefono:4807333300
Estado: AZ, Telefono:5204698100
Estado: AZ, Telefono:5203934710
Estado: AZ, Telefono:9287632273
Estado: AZ, Telefono:9287572101
Estado: AZ, Telefono:6235611000
Estado: AZ, Telefono:6235611000
Estado: AZ, Telefono:6022518156
Estado: AZ, Telefono:9283334368
Estado: AZ, Telefono:9283384911
Estado: AZ, Telefono:4807288000
Estado: AZ, Telefono:4807333300
Estado: AZ, Telefono:9282894691
Estado: AZ, Telefono:5202853000
Estado: AZ, Telefono:6027977700
Estado: AZ, Telefono:9286845421
Estado: AZ, Telefono:9284743222
Estado: AZ, Telefono:9283334368
Estado: AZ, Telefono:6023315862
Estado: AZ, Telefono:6233274000
Estado: AZ, Telefono:6238821515
Estado: AZ, Telefono:4807333300
Estado: AZ, Telefono:4803233000
Estado: AZ, Telefono:9282894691
Estado: AZ, Telefono:5208742000
Estado: AZ, Telefono:6029331000
Estado: AZ, Telefono:5209013549
Estado: AZ, Telefono:9284021122
Estado: AZ, Telefono:4803233000
Estado: AZ, Telefono:4807333300
Estado: AZ, Telefono:5208733000
Estado: AZ, Telefono:9284743222
Estado: AZ, Telefono:9286699201
Estado: AZ, Telefono:9283484000
Estado: AZ, Telefono:9287732357
Estado: AZ, Telefono:5203816300
Estado: AZ, Telefono:4805432000
Estado: AZ, Telefono:5208723000
Estado: AZ, Telefono:4804123000
Estado: AZ, Telefono:9286692137
Estado: AZ, Telefono:4808545050
Estado: AZ, Telefono:6022392000
Estado: AZ, Telefono:9287732357
Estado: AZ, Telefono:4803247001
Estado: AZ, Telefono:9283384911
Estado: AZ, Telefono:6022392000
Estado: AZ, Telefono:6027977700
Estado: AZ, Telefono:5203934710
Estado: AZ, Telefono:4805432000
Estado: AZ, Telefono:5204698100
Estado: AZ, Telefono:4808324770
Estado: AZ, Telefono:6023445011
Estado: AZ, Telefono:9283367600
Estado: AZ, Telefono:6235611000
Estado: AZ, Telefono:6024065001
Estado: AZ, Telefono:4805432000
Estado: AZ, Telefono:9287572101
Estado: AZ, Telefono:6022631200
Estado: AZ, Telefono:5202633001
Estado: AZ, Telefono:5202853000
Estado: AZ, Telefono:6023445011
Estado: AZ, Telefono:4808403715
Estado: AZ, Telefono:4803212000
Estado: AZ, Telefono:4804123000
Estado: AZ, Telefono:6235845100
Estado: AZ, Telefono:9283334368
Estado: AZ, Telefono:9288558185
Estado: AZ, Telefono:5209013549
Estado: AZ, Telefono:9284452700
Estado: AZ, Telefono:4803424201
Estado: AZ, Telefono:5202633001
Estado: AZ, Telefono:9283367600
Estado: AZ, Telefono:5204698100
Estado: AZ, Telefono:9286845421
Estado: AZ, Telefono:6028654470
Estado: AZ, Telefono:4808545050
Estado: AZ, Telefono:9285376399
Estado: AZ, Telefono:4804123000
Estado: AZ, Telefono:6238324000
Estado: AZ, Telefono:4808324770
Estado: AZ, Telefono:6022518156
Estado: AZ, Telefono:5208742000
Estado: AZ, Telefono:6022490212
Estado: AZ, Telefono:5205862261
Estado: AZ, Telefono:9283484000
Estado: AZ, Telefono:9287572101
Estado: AZ, Telefono:9282894691
Estado: AZ, Telefono:4807283000
Estado: AZ, Telefono:6235845100
Estado: AZ, Telefono:9287882273
