Estado: CO, Telefono:7207183005
Estado: CO, Telefono:7207183005
Estado: CO, Telefono:7207183005
Estado: CO, Telefono:7207183005
Estado: CO, Telefono:9708785047
Estado: CO, Telefono:9708785047
Estado: CO, Telefono:9708785047
Estado: CO, Telefono:9708785047
Estado: CO, Telefono:3034157000
Estado: CO, Telefono:7194385401
Estado: CO, Telefono:9709456535
Estado: CO, Telefono:3037781955
Estado: CO, Telefono:7202251000
Estado: CO, Telefono:7205735000
Estado: CO, Telefono:3037308900
Estado: CO, Telefono:3037885000
Estado: CO, Telefono:7204552500
Estado: CO, Telefono:3034517800
Estado: CO, Telefono:9708426222
Estado: CO, Telefono:7194860230
Estado: CO, Telefono:9702474311
Estado: CO, Telefono:7208480000
Estado: CO, Telefono:9708542241
Estado: CO, Telefono:3032694000
Estado: CO, Telefono:7196572510
Estado: CO, Telefono:9706683300
Estado: CO, Telefono:3034254500
Estado: CO, Telefono:9704957000
Estado: CO, Telefono:7197432421
Estado: CO, Telefono:7197675661
Estado: CO, Telefono:9705656666
Estado: CO, Telefono:7193465311
Estado: CO, Telefono:9707313700
Estado: CO, Telefono:7208480000
Estado: CO, Telefono:7204552500
Estado: CO, Telefono:3033884461
Estado: CO, Telefono:3036515111
Estado: CO, Telefono:3033884461
Estado: CO, Telefono:9702566201
Estado: CO, Telefono:3034254500
Estado: CO, Telefono:7206270000
Estado: CO, Telefono:9706411456
Estado: CO, Telefono:9706251510
Estado: CO, Telefono:7195302200
Estado: CO, Telefono:9707243442
Estado: CO, Telefono:3034981601
Estado: CO, Telefono:9702474311
Estado: CO, Telefono:7193836000
Estado: CO, Telefono:9707746123
Estado: CO, Telefono:9708426222
Estado: CO, Telefono:9708747681
Estado: CO, Telefono:9704957000
Estado: CO, Telefono:9708747681
Estado: CO, Telefono:9708485405
Estado: CO, Telefono:3037885000
Estado: CO, Telefono:7193655000
Estado: CO, Telefono:9704743323
Estado: CO, Telefono:7195892511
Estado: CO, Telefono:9702492211
Estado: CO, Telefono:7202251000
Estado: CO, Telefono:3036894000
Estado: CO, Telefono:7197765000
Estado: CO, Telefono:9705220122
Estado: CO, Telefono:9708104121
Estado: CO, Telefono:7203210000
Estado: CO, Telefono:9708747681
Estado: CO, Telefono:7194860230
Estado: CO, Telefono:9706251510
Estado: CO, Telefono:9702492211
Estado: CO, Telefono:9705441261
Estado: CO, Telefono:3036024930
Estado: CO, Telefono:7198469213
Estado: CO, Telefono:7195574000
Estado: CO, Telefono:7196879999
Estado: CO, Telefono:9708673391
Estado: CO, Telefono:9705774470
Estado: CO, Telefono:3036515111
Estado: CO, Telefono:7205735000
Estado: CO, Telefono:7196879999
Estado: CO, Telefono:9703324811
Estado: CO, Telefono:7194385401
Estado: CO, Telefono:7193655000
Estado: CO, Telefono:7203210000
Estado: CO, Telefono:3033884461
Estado: CO, Telefono:9707746123
Estado: CO, Telefono:7194860230
Estado: CO, Telefono:9708214000
Estado: CO, Telefono:7192852000
Estado: CO, Telefono:7196572510
Estado: CO, Telefono:7195302200
Estado: CO, Telefono:9709456535
Estado: CO, Telefono:7202251000
Estado: CO, Telefono:3037781955
Estado: CO, Telefono:9706683300
Estado: CO, Telefono:9705656666
Estado: CO, Telefono:9707243442
Estado: CO, Telefono:9706242500
Estado: CO, Telefono:9708104121
Estado: CO, Telefono:9702981950
Estado: CO, Telefono:9708673391
Estado: CO, Telefono:7195574000
Estado: CO, Telefono:3037308900
Estado: CO, Telefono:7207771234
Estado: CO, Telefono:9708214000
Estado: CO, Telefono:9708542241
Estado: CO, Telefono:3032694000
Estado: CO, Telefono:3032694000
Estado: CO, Telefono:9708426222
Estado: CO, Telefono:7203210000
Estado: CO, Telefono:7197432421
Estado: CO, Telefono:9708104121
Estado: CO, Telefono:9702566201
Estado: CO, Telefono:3033202121
Estado: CO, Telefono:3036894000
Estado: CO, Telefono:3037308900
Estado: CO, Telefono:3033202121
Estado: CO, Telefono:9708673391
Estado: CO, Telefono:7197385100
Estado: CO, Telefono:7193465311
Estado: CO, Telefono:7195844000
Estado: CO, Telefono:9707746123
Estado: CO, Telefono:7197385100
Estado: CO, Telefono:7198469213
Estado: CO, Telefono:9705220122
Estado: CO, Telefono:7208480000
Estado: CO, Telefono:9706755011
Estado: CO, Telefono:3038396000
Estado: CO, Telefono:7194385401
Estado: CO, Telefono:7208480000
Estado: CO, Telefono:7203210000
Estado: CO, Telefono:9705774470
Estado: CO, Telefono:7197765000
Estado: CO, Telefono:9708791322
Estado: CO, Telefono:9702566201
Estado: CO, Telefono:9706694640
Estado: CO, Telefono:9708589871
Estado: CO, Telefono:7197765000
Estado: CO, Telefono:7195844000
Estado: CO, Telefono:9706242500
Estado: CO, Telefono:7195234501
Estado: CO, Telefono:3036515111
Estado: CO, Telefono:9704743323
Estado: CO, Telefono:9706694640
Estado: CO, Telefono:3034981601
Estado: CO, Telefono:7193364343
Estado: CO, Telefono:3036731280
Estado: CO, Telefono:9703324811
Estado: CO, Telefono:3038122000
Estado: CO, Telefono:3038122000
Estado: CO, Telefono:9707243442
Estado: CO, Telefono:3034981601
Estado: CO, Telefono:9703324811
Estado: CO, Telefono:7202251000
Estado: CO, Telefono:3036024930
Estado: CO, Telefono:7203215000
Estado: CO, Telefono:3036894000
Estado: CO, Telefono:9709456535
Estado: CO, Telefono:7207771234
Estado: CO, Telefono:9702492211
Estado: CO, Telefono:7195234501
Estado: CO, Telefono:3034254500
Estado: CO, Telefono:9702566201
Estado: CO, Telefono:9706755011
Estado: CO, Telefono:9708542241
Estado: CO, Telefono:3036024930
Estado: CO, Telefono:7195234501
Estado: CO, Telefono:3037885000
Estado: CO, Telefono:3038122000
Estado: CO, Telefono:7192745121
Estado: CO, Telefono:9708542241
Estado: CO, Telefono:7192745121
Estado: CO, Telefono:9706242500
Estado: CO, Telefono:3034517800
Estado: CO, Telefono:3037781955
Estado: CO, Telefono:9702981950
Estado: CO, Telefono:3036731280
Estado: CO, Telefono:3034254500
Estado: CO, Telefono:9705774470
Estado: CO, Telefono:3038396000
Estado: CO, Telefono:7193465311
Estado: CO, Telefono:9708485405
Estado: CO, Telefono:7192745121
Estado: CO, Telefono:9707313700
Estado: CO, Telefono:3038122000
Estado: CO, Telefono:3036515111
Estado: CO, Telefono:3036731280
Estado: CO, Telefono:7197675661
Estado: CO, Telefono:9708589871
Estado: CO, Telefono:7195844000
Estado: CO, Telefono:7204552500
Estado: CO, Telefono:3034981601
Estado: CO, Telefono:3038396000
Estado: CO, Telefono:7195892511
Estado: CO, Telefono:7197432421
Estado: CO, Telefono:3036731280
Estado: CO, Telefono:9708589871
Estado: CO, Telefono:9705220122
Estado: CO, Telefono:7205735000
Estado: CO, Telefono:9706755011
Estado: CO, Telefono:9708791322
Estado: CO, Telefono:7194860230
Estado: CO, Telefono:7206270000
Estado: CO, Telefono:9708485405
Estado: CO, Telefono:3038396000
Estado: CO, Telefono:9706694640
Estado: CO, Telefono:9702474311
Estado: CO, Telefono:9705441261
Estado: CO, Telefono:9705220122
Estado: CO, Telefono:7195574000
Estado: CO, Telefono:7197765000
Estado: CO, Telefono:7205735000
Estado: CO, Telefono:9702981950
Estado: CO, Telefono:3036024930
Estado: CO, Telefono:9708104121
Estado: CO, Telefono:7195892511
Estado: CO, Telefono:9705774470
Estado: CO, Telefono:7198469213
Estado: CO, Telefono:9704957000
Estado: CO, Telefono:9708214000
Estado: CO, Telefono:9705656666
Estado: CO, Telefono:7195574000
Estado: CO, Telefono:7192852000
Estado: CO, Telefono:7194385401
Estado: CO, Telefono:7192745121
Estado: CO, Telefono:9704957000
Estado: CO, Telefono:7206270000
Estado: CO, Telefono:3037781955
Estado: CO, Telefono:7196879999
Estado: CO, Telefono:9702981950
Estado: CO, Telefono:7196879999
Estado: CO, Telefono:7192852000
Estado: CO, Telefono:7193655000
Estado: CO, Telefono:9708747681
Estado: CO, Telefono:7197432421
Estado: CO, Telefono:9704762451
Estado: CO, Telefono:3034517800
Estado: CO, Telefono:9708485405
Estado: CO, Telefono:7193364343
Estado: CO, Telefono:3034157000
Estado: CO, Telefono:9704743323
Estado: CO, Telefono:3032694000
Estado: CO, Telefono:9709456535
Estado: CO, Telefono:9707243442
Estado: CO, Telefono:7195302200
Estado: CO, Telefono:3033202121
Estado: CO, Telefono:7195234501
Estado: CO, Telefono:7207771234
Estado: CO, Telefono:9705656666
Estado: CO, Telefono:9708589871
Estado: CO, Telefono:9705441261
Estado: CO, Telefono:9706411456
Estado: CO, Telefono:9704762451
Estado: CO, Telefono:3036894000
Estado: CO, Telefono:9707746123
Estado: CO, Telefono:3034517800
Estado: CO, Telefono:9708426222
Estado: CO, Telefono:9706755011
Estado: CO, Telefono:7204552500
Estado: CO, Telefono:7193465311
Estado: CO, Telefono:9708791322
Estado: CO, Telefono:9702492211
Estado: CO, Telefono:7195892511
Estado: CO, Telefono:3033884461
Estado: CO, Telefono:9704762451
Estado: CO, Telefono:7193655000
Estado: CO, Telefono:9706251510
Estado: CO, Telefono:9704762451
Estado: CO, Telefono:7197675661
Estado: CO, Telefono:9708791322
Estado: CO, Telefono:7207771234
Estado: CO, Telefono:9705441261
Estado: CO, Telefono:7193364343
Estado: CO, Telefono:9702474311
Estado: CO, Telefono:9706251510
Estado: CO, Telefono:9706694640
Estado: CO, Telefono:7192852000
Estado: CO, Telefono:7197675661
Estado: CO, Telefono:7203215000
Estado: CO, Telefono:3034157000
Estado: CO, Telefono:7203215000
Estado: CO, Telefono:3034157000
Estado: CO, Telefono:3033202121
Estado: CO, Telefono:7203215000
Estado: CO, Telefono:9707313700
Estado: CO, Telefono:7195844000
Estado: CO, Telefono:9706242500
Estado: CO, Telefono:9708673391
Estado: CO, Telefono:7196572510
Estado: CO, Telefono:7198469213
Estado: CO, Telefono:7193836000
Estado: CO, Telefono:7193836000
Estado: CO, Telefono:7206270000
Estado: CO, Telefono:9704743323
Estado: CO, Telefono:3037885000
Estado: CO, Telefono:7197385100
Estado: CO, Telefono:7193364343
Estado: CO, Telefono:3037308900
Estado: CO, Telefono:9706411456
Estado: CO, Telefono:9707313700
Estado: CO, Telefono:7197385100
Estado: CO, Telefono:9708214000
Estado: CO, Telefono:9706411456
Estado: CO, Telefono:7195302200
Estado: CO, Telefono:7196572510
Estado: CO, Telefono:7193836000
Estado: CO, Telefono:9703324811
Estado: CO, Telefono:9706683300
Estado: CO, Telefono:9706683300
